feature,perm_importance
sog,0.0038397390430551614
dist_m,0.0037676462866966854
dcog_abs,0.0032794875038702855
turn_rate_std_60s,0.0029105843399453908
turn_rate,0.0020257878023547064
speed_std_60s,0.0008923286337931861
dev_from_line_m,0.0008602206524934222
stop_flag,0.0005440561781304494
accel,0.0004866902411788829
